"DESCRIPTION","DURATION IN MS","NAME","PARENT SUITE","START TIME","STATUS","STOP TIME","SUB SUITE","SUITE","TEST CLASS","TEST METHOD"
"","0","empty ADMIN_USER_IDS means no bypass for anyone","EP-09 Rate Limiting & Abuse Prevention","2026-09-28","passed","2026-09-28","","send-invoice daily rate limit","",""
"","0","rejects an object with a missing terms_agreed_at","EP-09 Rate Limiting & Abuse Prevention","2026-09-28","passed","2026-09-28","","isValidConsent: consent validation gate","",""
"","1","accepts valid ISO 4217 code: JPY","EP-07 API Authorization & Data Ownership","2026-09-28","passed","2026-09-28","","Currency validation: ISO 4217 three-letter code enforcement","",""
"","3","contains exactly 14 allowed fields (catches silent additions)","EP-07 API Authorization & Data Ownership","2026-09-28","passed","2026-09-28","","ALLOWED_FIELDS: structural integrity","",""
"","3751","cancel closes the invoice form","EP-13 Miscellaneous","2026-09-28","passed","2026-09-28","","invoices.spec.js","",""
"","0","handles 7 digits without truncation","EP-12 Business Logic & Financial Math","2026-09-28","passed","2026-09-28","","Invoice number padding","",""
"","0","does not contain wildcard, empty string, or injection strings","EP-08 Input Validation & XSS Defense","2026-09-28","passed","2026-09-28","","PALETTE_KEYS allowlist","",""
"","0","treats empty total string as 0","EP-12 Business Logic & Financial Math","2026-09-28","passed","2026-09-28","","calcSubtotal: line item sum","",""
"","3488","page title is set and non-empty","EP-13 Miscellaneous","2026-09-28","passed","2026-09-28","","accessibility.spec.js","",""
"","2","formats invoice number 1 consistently","EP-12 Business Logic & Financial Math","2026-09-28","passed","2026-09-28","","Invoice number padding","",""
"","0","source of truth is profile.business_name, not vendor_name from request body","EP-10 Email Delivery & Tier Enforcement","2026-09-28","passed","2026-09-28","","buildFromField: sender name logic","",""
"","1","is not epoch zero (1970-01-01): a sentinel for unset/default","EP-09 Rate Limiting & Abuse Prevention","2026-09-28","passed","2026-09-28","","terms_agreed_at: timestamp integrity","",""
"","0","blocks once the grant has expired (pro_grant_until in the past)","EP-13 Miscellaneous","2026-09-28","passed","2026-09-28","","isOverFreeLimit: an active referral Pro grant exempts the user too","",""
"","0","accepts valid ISO 4217 code: INR","EP-07 API Authorization & Data Ownership","2026-09-28","passed","2026-09-28","","Currency validation: ISO 4217 three-letter code enforcement","",""
"","2","every PALETTE_META entry has the required swatch display fields","EP-08 Input Validation & XSS Defense","2026-09-28","passed","2026-09-28","","PALETTE_META completeness","",""
"","1","strips disallowed fields from a mixed body","EP-07 API Authorization & Data Ownership","2026-09-28","passed","2026-09-28","","filterAllowedFields: request body sanitisation","",""
"","0","does not require line_items, vendor_name, or any invoice content in the body","EP-13 Miscellaneous","2026-09-28","passed","2026-09-28","","validateSendInvoiceBody: receipt_id is a required field","",""
"","0","includes safe field: date","EP-07 API Authorization & Data Ownership","2026-09-28","passed","2026-09-28","","ALLOWED_FIELDS: safe fields are present","",""
"","0","returns error object when receipt not found","EP-03 Core CRUD & Data Persistence","2026-09-28","passed","2026-09-28","","fetchReceiptById","",""
"","0","accepts a body with both to and receipt_id","EP-13 Miscellaneous","2026-09-28","passed","2026-09-28","","validateSendInvoiceBody: receipt_id is a required field","",""
"","1","calculates 5% GST correctly","EP-12 Business Logic & Financial Math","2026-09-28","passed","2026-09-28","","calcTax: tax calculation","",""
"","0","is stored as boolean false when user opts out","EP-09 Rate Limiting & Abuse Prevention","2026-09-28","passed","2026-09-28","","email_marketing_ok: opt-in/opt-out correctness","",""
"","13813","submitting with a weak password shows an error","EP-13 Miscellaneous","2026-09-28","passed","2026-09-28","","auth.spec.js","",""
"","0","Free with no business_name is the application","EP-10 Email Delivery & Tier Enforcement","2026-09-28","passed","2026-09-28","","buildFromField: sender name logic","",""
"","1","patch body does not contain user_id or receipt_number","EP-07 API Authorization & Data Ownership","2026-09-28","passed","2026-09-28","","Edit flow: line items always sent in PATCH body","",""
"","0","handles large amounts without precision loss","EP-12 Business Logic & Financial Math","2026-09-28","passed","2026-09-28","","calcSubtotal: line item sum","",""
"","0","formats $0","EP-12 Business Logic & Financial Math","2026-09-28","passed","2026-09-28","","fmtMoney: currency formatting","",""
"","1","signals RETRY when stripe.subscriptions.retrieve throws","EP-13 Miscellaneous","2026-09-28","passed","2026-09-28","","resolveCheckoutTier: fails closed (RETRY) instead of silently defaulting to pro","",""
"","0","receipts limit is 64 KB","EP-07 API Authorization & Data Ownership","2026-09-28","passed","2026-09-28","","Body size limits: constants are defined and reasonable","",""
"","0","treats an undefined tier as free and applies the cap","EP-13 Miscellaneous","2026-09-28","passed","2026-09-28","","isOverFreeLimit: missing tier fails closed (treated as free)","",""
"","0","returns '0' when subtotal is 0 but tax is somehow > 0","EP-12 Business Logic & Financial Math","2026-09-28","passed","2026-09-28","","inferTaxRate: back-calculate rate on edit","",""
"","834","SEO page loads: /invoice-for-painters.html","EP-13 Miscellaneous","2026-09-28","passed","2026-09-28","","seo-pages.spec.js","",""
"","1","does NOT slip a day for YYYY-MM-DD even in negative UTC offsets","EP-12 Business Logic & Financial Math","2026-09-28","passed","2026-09-28","","fmtDate: invoice card / row date column","",""
"","0","tax exempt flag overrides non-zero rate","EP-12 Business Logic & Financial Math","2026-09-28","passed","2026-09-28","","calcTax: tax calculation","",""
"","0","disclosure contains required element: 'billing period'","EP-09 Rate Limiting & Abuse Prevention","2026-09-28","passed","2026-09-28","","Recurring billing disclosure: pre-checkout contract","",""
"","2","echoes back example.com","EP-07 API Authorization & Data Ownership","2026-09-28","passed","2026-09-28","","CORS allowlist: production origins","",""
"","0","does NOT send client-suppliable content field: payment_url","EP-13 Miscellaneous","2026-09-28","passed","2026-09-28","","Client request shape: only non-forgeable fields are sent","",""
"","1","does not throw out of runAccountDeletion when Stripe cancellation fails","EP-13 Miscellaneous","2026-09-28","passed","2026-09-28","","runAccountDeletion: a Stripe failure never blocks account deletion","",""
"","1","accepts valid ISO 4217 code: USD","EP-07 API Authorization & Data Ownership","2026-09-28","passed","2026-09-28","","Currency validation: ISO 4217 three-letter code enforcement","",""
"","0","rejects javascript: scheme","EP-12 Business Logic & Financial Math","2026-09-28","passed","2026-09-28","","Stripe redirect URL safety","",""
"","6","sends POST to text-parse with correct headers and body","EP-11 AI / Voice Input Parsing","2026-09-28","passed","2026-09-28","","parseText","",""
"","1","escapes double quotes by doubling them (RFC 4180)","EP-12 Business Logic & Financial Math","2026-09-28","passed","2026-09-28","","CSV cell escaping","",""
"","1","rejects a header with extra whitespace","EP-09 Rate Limiting & Abuse Prevention","2026-09-28","passed","2026-09-28","","isAuthorized: exact bearer-token comparison","",""
"","0","includes safe field: notes","EP-07 API Authorization & Data Ownership","2026-09-28","passed","2026-09-28","","ALLOWED_FIELDS: safe fields are present","",""
"","0","rejects invalid / injection address:","EP-08 Input Validation & XSS Defense","2026-09-28","passed","2026-09-28","","EMAIL_RE: recipient validation","",""
"","0","returns an empty object when body contains only disallowed fields","EP-07 API Authorization & Data Ownership","2026-09-28","passed","2026-09-28","","filterAllowedFields: request body sanitisation","",""
"","0","adds thousand separators for large amounts","EP-12 Business Logic & Financial Math","2026-09-28","passed","2026-09-28","","fmtMoney: currency formatting","",""
"","0","two line items + 13% HST = correct totals","EP-12 Business Logic & Financial Math","2026-09-28","passed","2026-09-28","","full invoice calculation: end to end","",""
"","0","rejects a non-Stripe https URL","EP-12 Business Logic & Financial Math","2026-09-28","passed","2026-09-28","","Stripe redirect URL safety","",""
"","7989","all images have non-empty alt text","EP-13 Miscellaneous","2026-09-28","passed","2026-09-28","","accessibility.spec.js","",""
"","0","blocks the 4th invoice this month (count 3 before insert)","EP-13 Miscellaneous","2026-09-28","passed","2026-09-28","","isOverFreeLimit: boundary is exactly 3 invoices in the current month","",""
"","0","allows a free user with no subscription","EP-13 Miscellaneous","2026-09-28","passed","2026-09-28","","blocksNewCheckout: users who should be allowed to check out","",""
"","0","handles undefined as empty string","EP-12 Business Logic & Financial Math","2026-09-28","passed","2026-09-28","","CSV cell escaping","",""
"","0","send-invoice body limit is 3 MB","EP-07 API Authorization & Data Ownership","2026-09-28","passed","2026-09-28","","Body size limits: constants are defined and reasonable","",""
"","0","returns empty string for undefined","EP-12 Business Logic & Financial Math","2026-09-28","passed","2026-09-28","","fmtDate: invoice card / row date column","",""
"","0","returns null items when line_items is missing","EP-11 AI / Voice Input Parsing","2026-09-28","passed","2026-09-28","","mapParsedToForm","",""
"","18","formats a valid ISO date string","EP-12 Business Logic & Financial Math","2026-09-28","passed","2026-09-28","","Invoice date formatting","",""
"","0","admin IDs bypass the limit regardless of count","EP-09 Rate Limiting & Abuse Prevention","2026-09-28","passed","2026-09-28","","send-invoice daily rate limit","",""
"","1058","SEO page loads: /invoice-for-photographers.html","EP-13 Miscellaneous","2026-09-28","passed","2026-09-28","","seo-pages.spec.js","",""
"","1","is idempotent: calling it twice has the same result as once","EP-08 Input Validation & XSS Defense","2026-09-28","passed","2026-09-28","","clearPalette","",""
"","0","treats missing total as 0","EP-12 Business Logic & Financial Math","2026-09-28","passed","2026-09-28","","calcSubtotal: line item sum","",""
"","0","does not block a free-tier user with a pro_grant_until in the future","EP-13 Miscellaneous","2026-09-28","passed","2026-09-28","","isOverFreeLimit: an active referral Pro grant exempts the user too","",""
"","0","escapes a comma in a client name","EP-12 Business Logic & Financial Math","2026-09-28","passed","2026-09-28","","CSV cell escaping","",""
"","18188","sign in modal has no violations","EP-13 Miscellaneous","2026-09-28","passed","2026-09-28","","accessibility.spec.js","",""
"","0","rejects an object where terms_agreed_at is epoch zero","EP-09 Rate Limiting & Abuse Prevention","2026-09-28","passed","2026-09-28","","isValidConsent: consent validation gate","",""
"","0","does NOT send client-suppliable content field: customer_name","EP-13 Miscellaneous","2026-09-28","passed","2026-09-28","","Client request shape: only non-forgeable fields are sent","",""
"","0","treats a null tier as free and applies the cap","EP-13 Miscellaneous","2026-09-28","passed","2026-09-28","","isOverFreeLimit: missing tier fails closed (treated as free)","",""
"","3","allows the 1st invoice (count 0 before insert)","EP-13 Miscellaneous","2026-09-28","passed","2026-09-28","","isOverFreeLimit: boundary is exactly 3 invoices in the current month","",""
"","0","lowercase code is rejected: ISO 4217 requires uppercase","EP-10 Email Delivery & Tier Enforcement","2026-09-28","passed","2026-09-28","","sanitizeCurrency: CAD fallback","",""
"","0","accepts valid address: user@sub.domain.co.uk","EP-08 Input Validation & XSS Defense","2026-09-28","passed","2026-09-28","","EMAIL_RE: recipient validation","",""
"","1","extracts all top-level fields","EP-11 AI / Voice Input Parsing","2026-09-28","passed","2026-09-28","","mapParsedToForm","",""
"","2","throws on voice-parse error","EP-11 AI / Voice Input Parsing","2026-09-28","passed","2026-09-28","","parseAudio","",""
"","3087","How it works section is present","EP-13 Miscellaneous","2026-09-28","passed","2026-09-28","","landing.spec.js","",""
"","0","handles fractional cents","EP-12 Business Logic & Financial Math","2026-09-28","passed","2026-09-28","","calcTotal: grand total","",""
"","0","blocks javascript: scheme","EP-08 Input Validation & XSS Defense","2026-09-28","passed","2026-09-28","","sanitizePaymentUrl: payment link safety","",""
"","0","business_name with HTML characters is passed through: escaping is the caller's responsibility","EP-10 Email Delivery & Tier Enforcement","2026-09-28","passed","2026-09-28","","buildFromField: sender name logic","",""
"","0","total = subtotal + tax","EP-12 Business Logic & Financial Math","2026-09-28","passed","2026-09-28","","calcTotal: grand total","",""
"","1126","SEO page loads: /invoice-simple-alternative.html","EP-13 Miscellaneous","2026-09-28","passed","2026-09-28","","seo-pages.spec.js","",""
"","0","never blocks a pro-tier user regardless of count","EP-13 Miscellaneous","2026-09-28","passed","2026-09-28","","isOverFreeLimit: paying tiers are never capped","",""
"","13381","landing page has no violations","EP-13 Miscellaneous","2026-09-28","passed","2026-09-28","","accessibility.spec.js","",""
"","0","accepts a Date object","EP-12 Business Logic & Financial Math","2026-09-28","passed","2026-09-28","","fmtDate: invoice card / row date column","",""
"","1","passes through a normal receipt update body unchanged","EP-07 API Authorization & Data Ownership","2026-09-28","passed","2026-09-28","","filterAllowedFields: request body sanitisation","",""
"","9662","Back to sign in link returns to login mode","EP-13 Miscellaneous","2026-09-28","passed","2026-09-28","","auth.spec.js","",""
"","1","maps line items with correct quantity * price total","EP-11 AI / Voice Input Parsing","2026-09-28","passed","2026-09-28","","mapParsedToForm","",""
"","3535","Escape closes the sign in modal","EP-13 Miscellaneous","2026-09-28","passed","2026-09-28","","accessibility.spec.js","",""
"","0","returns null for a missing price id","EP-13 Miscellaneous","2026-09-28","passed","2026-09-28","","tierFromPriceId: price -> tier mapping","",""
"","0","blocks above the limit","EP-09 Rate Limiting & Abuse Prevention","2026-09-28","passed","2026-09-28","","send-invoice daily rate limit","",""
"","0","returns null for a token with invalid base64 payload","EP-12 Business Logic & Financial Math","2026-09-28","passed","2026-09-28","","JWT expiry decode: malformed token handling","",""
"","0","pro user is blocked above 15","EP-12 Business Logic & Financial Math","2026-09-28","passed","2026-09-28","","Text parse tier gate","",""
"","0","handles a client name with both comma and quote","EP-12 Business Logic & Financial Math","2026-09-28","passed","2026-09-28","","CSV cell escaping","",""
"","1","does NOT echo back attacker origin: https://www2.example.com","EP-07 API Authorization & Data Ownership","2026-09-28","passed","2026-09-28","","CORS allowlist: rejected / attacker origins","",""
"","0","Pro tier can use the share sheet","EP-10 Email Delivery & Tier Enforcement","2026-09-28","passed","2026-09-28","","tier gates: send and share access","",""
"","0","does not send when the value has no @ (malformed record)","EP-09 Rate Limiting & Abuse Prevention","2026-09-28","passed","2026-09-28","","shouldSendWelcomeEmail: recipient gating before an extra Resend call","",""
"","0","falls back to safe production domain for: https://localhost","EP-07 API Authorization & Data Ownership","2026-09-28","passed","2026-09-28","","CORS allowlist: rejected / attacker origins","",""
"","2725","sidebar shows invoices nav link","EP-13 Miscellaneous","2026-09-28","passed","2026-09-28","","dashboard.spec.js","",""
"","0","formats undefined as empty string","EP-12 Business Logic & Financial Math","2026-09-28","passed","2026-09-28","","CSV num formatting","",""
"","9002","auth modal receives focus on open","EP-13 Miscellaneous","2026-09-28","passed","2026-09-28","","accessibility.spec.js","",""
"","0","does NOT allow sensitive field: updated_at","EP-07 API Authorization & Data Ownership","2026-09-28","passed","2026-09-28","","ALLOWED_FIELDS: sensitive fields are excluded","",""
"","1","omits null fields so form keeps existing values","EP-11 AI / Voice Input Parsing","2026-09-28","passed","2026-09-28","","mapParsedToForm","",""
"","0","PDF attachment limit is 2 MB (smaller than the body limit)","EP-07 API Authorization & Data Ownership","2026-09-28","passed","2026-09-28","","Body size limits: constants are defined and reasonable","",""
"","0","1 × $100 = $100.00","EP-12 Business Logic & Financial Math","2026-09-28","passed","2026-09-28","","calcRowTotal: qty × unit price","",""
"","0","falls back to the payload itself when neither record nor user is present","EP-09 Rate Limiting & Abuse Prevention","2026-09-28","passed","2026-09-28","","extractRecord: Database Webhook payload shape","",""
"","983","SEO page loads: /invoice-for-plumbers.html","EP-13 Miscellaneous","2026-09-28","passed","2026-09-28","","seo-pages.spec.js","",""
"","0","does NOT send client-suppliable content field: line_items","EP-13 Miscellaneous","2026-09-28","passed","2026-09-28","","Client request shape: only non-forgeable fields are sent","",""
"","0","is case-sensitive on the secret itself","EP-09 Rate Limiting & Abuse Prevention","2026-09-28","passed","2026-09-28","","isAuthorized: exact bearer-token comparison","",""
"","0","does NOT send client-suppliable content field: receipt_number","EP-13 Miscellaneous","2026-09-28","passed","2026-09-28","","Client request shape: only non-forgeable fields are sent","",""
"","0","accepts valid address: first.last@company.io","EP-08 Input Validation & XSS Defense","2026-09-28","passed","2026-09-28","","EMAIL_RE: recipient validation","",""
"","0","rejects invalid / injection address: @nodomain.com","EP-08 Input Validation & XSS Defense","2026-09-28","passed","2026-09-28","","EMAIL_RE: recipient validation","",""
"","0","formats zero as $0.00","EP-07 API Authorization & Data Ownership","2026-09-28","passed","2026-09-28","","fmtStat: sidebar overflow prevention","",""
"","0","defaults to false when emailOptIn is not provided (absent = no consent)","EP-09 Rate Limiting & Abuse Prevention","2026-09-28","passed","2026-09-28","","email_marketing_ok: opt-in/opt-out correctness","",""
"","3103","new invoice button is visible","EP-13 Miscellaneous","2026-09-28","passed","2026-09-28","","dashboard.spec.js","",""
"","2735","sidebar is visible after login","EP-13 Miscellaneous","2026-09-28","passed","2026-09-28","","dashboard.spec.js","",""
"","0","handles a newline in a notes field","EP-12 Business Logic & Financial Math","2026-09-28","passed","2026-09-28","","CSV cell escaping","",""
"","0","infers 13% from $13 tax on $100 subtotal","EP-12 Business Logic & Financial Math","2026-09-28","passed","2026-09-28","","inferTaxRate: back-calculate rate on edit","",""
"","0","clears palette and writes no vars for invalid key: constructor","EP-08 Input Validation & XSS Defense","2026-09-28","passed","2026-09-28","","applyPalette: invalid / injection inputs","",""
"","0","does NOT allow sensitive field: created_at","EP-07 API Authorization & Data Ownership","2026-09-28","passed","2026-09-28","","ALLOWED_FIELDS: sensitive fields are excluded","",""
"","1079","SEO page loads: /voice-invoicing.html","EP-13 Miscellaneous","2026-09-28","passed","2026-09-28","","seo-pages.spec.js","",""
"","0","all limits are greater than zero","EP-07 API Authorization & Data Ownership","2026-09-28","passed","2026-09-28","","Body size limits: constants are defined and reasonable","",""
"","0","Free tier can send invoices by email","EP-10 Email Delivery & Tier Enforcement","2026-09-28","passed","2026-09-28","","tier gates: send and share access","",""
"","0","SUPPORTED_CURRENCIES list contains CAD (primary market)","EP-07 API Authorization & Data Ownership","2026-09-28","passed","2026-09-28","","Currency validation: ISO 4217 three-letter code enforcement","",""
"","0","disclosure text mentions USD (currency clarity for international users)","EP-09 Rate Limiting & Abuse Prevention","2026-09-28","passed","2026-09-28","","Recurring billing disclosure: pre-checkout contract","",""
"","0","wraps a normal value in quotes","EP-12 Business Logic & Financial Math","2026-09-28","passed","2026-09-28","","CSV cell escaping","",""
"","0","formats null as $0.00","EP-12 Business Logic & Financial Math","2026-09-28","passed","2026-09-28","","fmtMoney: currency formatting","",""
"","0","FREE_INVOICE_LIMIT is 3, matching the hardcoded threshold in migration 018's trigger","EP-13 Miscellaneous","2026-09-28","passed","2026-09-28","","Limit constant: app-level and DB-trigger must agree","",""
"","0","accepts valid address: user+tag@example.com","EP-08 Input Validation & XSS Defense","2026-09-28","passed","2026-09-28","","EMAIL_RE: recipient validation","",""
"","0","blocks null and undefined","EP-08 Input Validation & XSS Defense","2026-09-28","passed","2026-09-28","","sanitizePaymentUrl: payment link safety","",""
"","1","id is NOT in ALLOWED_FIELDS (primary key must not be user-writable)","EP-07 API Authorization & Data Ownership","2026-09-28","passed","2026-09-28","","Ownership enforcement: ALLOWED_FIELDS contract","",""
"","0","rejects invalid / injection address: user@example","EP-08 Input Validation & XSS Defense","2026-09-28","passed","2026-09-28","","EMAIL_RE: recipient validation","",""
"","0","accepts valid ISO 4217 code: AUD","EP-07 API Authorization & Data Ownership","2026-09-28","passed","2026-09-28","","Currency validation: ISO 4217 three-letter code enforcement","",""
"","0","clears palette and writes no vars for invalid key:","EP-08 Input Validation & XSS Defense","2026-09-28","passed","2026-09-28","","applyPalette: invalid / injection inputs","",""
"","0","pads a 3-digit number","EP-12 Business Logic & Financial Math","2026-09-28","passed","2026-09-28","","Invoice number padding","",""
"","0","pads a single digit to 6 places","EP-12 Business Logic & Financial Math","2026-09-28","passed","2026-09-28","","Invoice number padding","",""
"","0","falls back safely when origin is undefined","EP-07 API Authorization & Data Ownership","2026-09-28","passed","2026-09-28","","CORS: null origin (server-to-server)","",""
"","0","rejects invalid / injection address: user@","EP-08 Input Validation & XSS Defense","2026-09-28","passed","2026-09-28","","EMAIL_RE: recipient validation","",""
"","0","disclosure contains required element: 'charge amount'","EP-09 Rate Limiting & Abuse Prevention","2026-09-28","passed","2026-09-28","","Recurring billing disclosure: pre-checkout contract","",""
"","0","free user is always blocked","EP-12 Business Logic & Financial Math","2026-09-28","passed","2026-09-28","","Text parse tier gate","",""
"","0","rejects invalid code: us","EP-07 API Authorization & Data Ownership","2026-09-28","passed","2026-09-28","","Currency validation: ISO 4217 three-letter code enforcement","",""
"","2","Pro with business_name uses business_name in From","EP-10 Email Delivery & Tier Enforcement","2026-09-28","passed","2026-09-28","","buildFromField: sender name logic","",""
"","0","never blocks a legacy_unlimited_invoices user, even at a huge count","EP-13 Miscellaneous","2026-09-28","passed","2026-09-28","","isOverFreeLimit: grandfathered users are exempt regardless of count","",""
"","0","rejects about:blank","EP-12 Business Logic & Financial Math","2026-09-28","passed","2026-09-28","","Stripe redirect URL safety","",""
"","0","keeps the pro default if the resolved price id is unrecognised (does not throw)","EP-13 Miscellaneous","2026-09-28","passed","2026-09-28","","resolveCheckoutTier: resolves the real tier when the lookup succeeds","",""
"","9067","Escape closes the sign in modal","EP-13 Miscellaneous","2026-09-28","passed","2026-09-28","","accessibility.spec.js","",""
"","1","line_items is an array even when empty (zero items = intentional clear)","EP-07 API Authorization & Data Ownership","2026-09-28","passed","2026-09-28","","Edit flow: line items always sent in PATCH body","",""
"","1","falls back to generic error when server sends no message","EP-11 AI / Voice Input Parsing","2026-09-28","passed","2026-09-28","","parseText","",""
"","0","falls back to safe production domain for: http://localhost:4000","EP-07 API Authorization & Data Ownership","2026-09-28","passed","2026-09-28","","CORS allowlist: rejected / attacker origins","",""
"","934","Our story page loads (formerly /blog)","EP-13 Miscellaneous","2026-09-28","passed","2026-09-28","","seo-pages.spec.js","",""
"","0","defaults to pro when the checkout session has no subscription to inspect","EP-13 Miscellaneous","2026-09-28","passed","2026-09-28","","resolveCheckoutTier: defaults to pro only when there's nothing to check","",""
"","4114","Sign Up nav button is visible","EP-13 Miscellaneous","2026-09-28","passed","2026-09-28","","landing.spec.js","",""
"","0","never blocks a voice-tier user regardless of count","EP-13 Miscellaneous","2026-09-28","passed","2026-09-28","","isOverFreeLimit: paying tiers are never capped","",""
"","0","includes safe field: status","EP-07 API Authorization & Data Ownership","2026-09-28","passed","2026-09-28","","ALLOWED_FIELDS: safe fields are present","",""
"","0","blocks exactly at the limit (inclusive)","EP-09 Rate Limiting & Abuse Prevention","2026-09-28","passed","2026-09-28","","send-invoice daily rate limit","",""
"","0","returns 0 when tax rate is 0","EP-12 Business Logic & Financial Math","2026-09-28","passed","2026-09-28","","calcTax: tax calculation","",""
"","0","infers fractional rate (8.5%)","EP-12 Business Logic & Financial Math","2026-09-28","passed","2026-09-28","","inferTaxRate: back-calculate rate on edit","",""
"","11350","page has a main landmark","EP-13 Miscellaneous","2026-09-28","passed","2026-09-28","","accessibility.spec.js","",""
"","0","returns null for a payload missing the exp field","EP-12 Business Logic & Financial Math","2026-09-28","passed","2026-09-28","","JWT expiry decode: malformed token handling","",""
"","2","allows a request when count is below the limit","EP-09 Rate Limiting & Abuse Prevention","2026-09-28","passed","2026-09-28","","send-invoice daily rate limit","",""
"","0","clears palette and writes no vars for invalid key: earth; color: red","EP-08 Input Validation & XSS Defense","2026-09-28","passed","2026-09-28","","applyPalette: invalid / injection inputs","",""
"","0","rejects about:blank","EP-12 Business Logic & Financial Math","2026-09-28","passed","2026-09-28","","return_url (window.location.origin) safety","",""
"","1","returns null for an unrecognised price id","EP-13 Miscellaneous","2026-09-28","passed","2026-09-28","","tierFromPriceId: price -> tier mapping","",""
"","0","returns 0.00 when both are empty","EP-12 Business Logic & Financial Math","2026-09-28","passed","2026-09-28","","calcRowTotal: qty × unit price","",""
"","2296","footer has Privacy link","EP-13 Miscellaneous","2026-09-28","passed","2026-09-28","","landing.spec.js","",""
"","0","profile limit is 32 KB","EP-07 API Authorization & Data Ownership","2026-09-28","passed","2026-09-28","","Body size limits: constants are defined and reasonable","",""
"","0","compacts $1,000,000 and above to M notation (max ~7 chars)","EP-07 API Authorization & Data Ownership","2026-09-28","passed","2026-09-28","","fmtStat: sidebar overflow prevention","",""
"","11271","footer has Privacy link","EP-13 Miscellaneous","2026-09-28","passed","2026-09-28","","landing.spec.js","",""
"","0","includes safe field: tax","EP-07 API Authorization & Data Ownership","2026-09-28","passed","2026-09-28","","ALLOWED_FIELDS: safe fields are present","",""
"","0","does NOT echo back attacker origin: https://example.com:8080","EP-07 API Authorization & Data Ownership","2026-09-28","passed","2026-09-28","","CORS allowlist: rejected / attacker origins","",""
"","9504","shows password field","EP-13 Miscellaneous","2026-09-28","passed","2026-09-28","","auth.spec.js","",""
"","780","SEO page loads: /free-invoice-generator.html","EP-13 Miscellaneous","2026-09-28","passed","2026-09-28","","seo-pages.spec.js","",""
"","1","line_items in patch body matches the items passed in","EP-07 API Authorization & Data Ownership","2026-09-28","passed","2026-09-28","","Edit flow: line items always sent in PATCH body","",""
"","3663","Escape closes the sign up modal","EP-13 Miscellaneous","2026-09-28","passed","2026-09-28","","accessibility.spec.js","",""
"","1","throws with server error message on 429 (rate limit)","EP-11 AI / Voice Input Parsing","2026-09-28","passed","2026-09-28","","parseText","",""
"","3339","mock invoice preview renders in hero","EP-13 Miscellaneous","2026-09-28","passed","2026-09-28","","landing.spec.js","",""
"","1","removes every managed var","EP-08 Input Validation & XSS Defense","2026-09-28","passed","2026-09-28","","clearPalette","",""
"","0","decodes a well-formed JWT and returns exp","EP-12 Business Logic & Financial Math","2026-09-28","passed","2026-09-28","","JWT expiry decode: malformed token handling","",""
"","6196","heading hierarchy has no skipped levels","EP-13 Miscellaneous","2026-09-28","passed","2026-09-28","","accessibility.spec.js","",""
"","0","does NOT echo back attacker origin: http://localhost:4000","EP-07 API Authorization & Data Ownership","2026-09-28","passed","2026-09-28","","CORS allowlist: rejected / attacker origins","",""
"","0","falls back to safe production domain for: https://example.com/path","EP-07 API Authorization & Data Ownership","2026-09-28","passed","2026-09-28","","CORS allowlist: rejected / attacker origins","",""
"","0","does not send when email is the 'unknown' sentinel","EP-09 Rate Limiting & Abuse Prevention","2026-09-28","passed","2026-09-28","","shouldSendWelcomeEmail: recipient gating before an extra Resend call","",""
"","0","includes safe field: currency","EP-07 API Authorization & Data Ownership","2026-09-28","passed","2026-09-28","","ALLOWED_FIELDS: safe fields are present","",""
"","0","blocks empty string","EP-08 Input Validation & XSS Defense","2026-09-28","passed","2026-09-28","","sanitizePaymentUrl: payment link safety","",""
"","0","returns empty string for empty string","EP-12 Business Logic & Financial Math","2026-09-28","passed","2026-09-28","","fmtDate: invoice card / row date column","",""
"","3","client body contains exactly the expected fields","EP-13 Miscellaneous","2026-09-28","passed","2026-09-28","","Client request shape: only non-forgeable fields are sent","",""
"","0","formats 0 correctly","EP-12 Business Logic & Financial Math","2026-09-28","passed","2026-09-28","","CSV num formatting","",""
"","0","consent object survives JSON round-trip without data loss","EP-09 Rate Limiting & Abuse Prevention","2026-09-28","passed","2026-09-28","","isValidConsent: consent validation gate","",""
"","0","falls back to safe production domain for: https://evil.com","EP-07 API Authorization & Data Ownership","2026-09-28","passed","2026-09-28","","CORS allowlist: rejected / attacker origins","",""
"","0","handles HTML attribute injection with double-quote breakout","EP-08 Input Validation & XSS Defense","2026-09-28","passed","2026-09-28","","escapeHtml: XSS prevention","",""
"","0","strips trailing zeros from inferred rate","EP-12 Business Logic & Financial Math","2026-09-28","passed","2026-09-28","","inferTaxRate: back-calculate rate on edit","",""
"","0","prefers payload.record (Database Webhook shape)","EP-09 Rate Limiting & Abuse Prevention","2026-09-28","passed","2026-09-28","","extractRecord: Database Webhook payload shape","",""
"","0","does NOT echo back attacker origin: https://localhost","EP-07 API Authorization & Data Ownership","2026-09-28","passed","2026-09-28","","CORS allowlist: rejected / attacker origins","",""
"","0","falls back to payload.user when record is absent","EP-09 Rate Limiting & Abuse Prevention","2026-09-28","passed","2026-09-28","","extractRecord: Database Webhook payload shape","",""
"","0","returns empty string for null","EP-12 Business Logic & Financial Math","2026-09-28","passed","2026-09-28","","fmtDate: invoice card / row date column","",""
"","768","SEO page loads: /invoice-for-contractors.html","EP-13 Miscellaneous","2026-09-28","passed","2026-09-28","","seo-pages.spec.js","",""
"","1","returns parsed object on success","EP-11 AI / Voice Input Parsing","2026-09-28","passed","2026-09-28","","parseText","",""
"","2860","billing link is visible in sidebar","EP-13 Miscellaneous","2026-09-28","passed","2026-09-28","","billing.spec.js","",""
"","1","throws 'Not signed in' when getUser returns no user","EP-11 AI / Voice Input Parsing","2026-09-28","passed","2026-09-28","","parseAudio","",""
"","0","Free tier cannot use the share sheet","EP-10 Email Delivery & Tier Enforcement","2026-09-28","passed","2026-09-28","","tier gates: send and share access","",""
"","0","calls DELETE /receipts?id=X","EP-03 Core CRUD & Data Persistence","2026-09-28","passed","2026-09-28","","deleteReceipt","",""
"","1","all ALLOWED_FIELDS are present in the patch body","EP-07 API Authorization & Data Ownership","2026-09-28","passed","2026-09-28","","Edit flow: line items always sent in PATCH body","",""
"","0","falls back safely when origin is null","EP-07 API Authorization & Data Ownership","2026-09-28","passed","2026-09-28","","CORS: null origin (server-to-server)","",""
"","0","rejects invalid / injection address: notanemail","EP-08 Input Validation & XSS Defense","2026-09-28","passed","2026-09-28","","EMAIL_RE: recipient validation","",""
"","0","resets across a year boundary (Dec → Jan)","EP-12 Business Logic & Financial Math","2026-09-28","passed","2026-09-28","","Rate limit month boundary","",""
"","3278","sidebar is visible after login","EP-13 Miscellaneous","2026-09-28","passed","2026-09-28","","dashboard.spec.js","",""
"","3137","invoice list shows status filters","EP-13 Miscellaneous","2026-09-28","passed","2026-09-28","","invoices.spec.js","",""
"","6316","landing page has no violations","EP-13 Miscellaneous","2026-09-28","passed","2026-09-28","","accessibility.spec.js","",""
"","0","returns '0' when tax is 0 (tax exempt invoice)","EP-12 Business Logic & Financial Math","2026-09-28","passed","2026-09-28","","inferTaxRate: back-calculate rate on edit","",""
"","0","rejects invalid / injection address: user@example.com
Bcc: victim@other.com","EP-08 Input Validation & XSS Defense","2026-09-28","passed","2026-09-28","","EMAIL_RE: recipient validation","",""
"","0","returns 0 when tax exempt","EP-12 Business Logic & Financial Math","2026-09-28","passed","2026-09-28","","calcTax: tax calculation","",""
"","0","coerces numbers to string without throwing","EP-08 Input Validation & XSS Defense","2026-09-28","passed","2026-09-28","","escapeHtml: XSS prevention","",""
"","1","does NOT allow sensitive field: user_id","EP-07 API Authorization & Data Ownership","2026-09-28","passed","2026-09-28","","ALLOWED_FIELDS: sensitive fields are excluded","",""
"","1","calls PATCH /receipts?id=X with correct body","EP-03 Core CRUD & Data Persistence","2026-09-28","passed","2026-09-28","","updateReceipt","",""
"","2","correctly switches vars when the mode changes","EP-08 Input Validation & XSS Defense","2026-09-28","passed","2026-09-28","","applyPalette: valid keys","",""
"","1","always starts with $ and is never empty","EP-07 API Authorization & Data Ownership","2026-09-28","passed","2026-09-28","","fmtStat: sidebar overflow prevention","",""
"","1","contains no duplicate entries","EP-07 API Authorization & Data Ownership","2026-09-28","passed","2026-09-28","","ALLOWED_FIELDS: structural integrity","",""
"","1","does NOT send client-suppliable content field: vendor_name","EP-13 Miscellaneous","2026-09-28","passed","2026-09-28","","Client request shape: only non-forgeable fields are sent","",""
"","0","never returns ""*"" for any origin input: https://evil.com","EP-07 API Authorization & Data Ownership","2026-09-28","passed","2026-09-28","","CORS: wildcard must never appear","",""
"","1","does NOT echo back attacker origin: https://evil.com","EP-07 API Authorization & Data Ownership","2026-09-28","passed","2026-09-28","","CORS allowlist: rejected / attacker origins","",""
"","0","does NOT allow sensitive field: receipt_number","EP-07 API Authorization & Data Ownership","2026-09-28","passed","2026-09-28","","ALLOWED_FIELDS: sensitive fields are excluded","",""
"","0","includes safe field: subtotal","EP-07 API Authorization & Data Ownership","2026-09-28","passed","2026-09-28","","ALLOWED_FIELDS: safe fields are present","",""
"","0","returns null items when line_items is empty","EP-11 AI / Voice Input Parsing","2026-09-28","passed","2026-09-28","","mapParsedToForm","",""
"","0","pro user is allowed under the daily limit","EP-12 Business Logic & Financial Math","2026-09-28","passed","2026-09-28","","Text parse tier gate","",""
"","0","resolves to pro when the subscription's price is the pro price","EP-13 Miscellaneous","2026-09-28","passed","2026-09-28","","resolveCheckoutTier: resolves the real tier when the lookup succeeds","",""
"","0","invoice with no line items produces $0.00 total","EP-12 Business Logic & Financial Math","2026-09-28","passed","2026-09-28","","full invoice calculation: end to end","",""
"","0","allows a brand-new user with no profile row at all","EP-13 Miscellaneous","2026-09-28","passed","2026-09-28","","blocksNewCheckout: users who should be allowed to check out","",""
"","0","does not contain any wildcard or empty entries","EP-07 API Authorization & Data Ownership","2026-09-28","passed","2026-09-28","","CORS: allowlist size (prevent silent additions)","",""
"","0","compacts $10,000 and above to K notation (max ~7 chars)","EP-07 API Authorization & Data Ownership","2026-09-28","passed","2026-09-28","","fmtStat: sidebar overflow prevention","",""
"","0","does NOT allow sensitive field: tier","EP-07 API Authorization & Data Ownership","2026-09-28","passed","2026-09-28","","ALLOWED_FIELDS: sensitive fields are excluded","",""
"","0","pro user is blocked at exactly 15","EP-12 Business Logic & Financial Math","2026-09-28","passed","2026-09-28","","Text parse tier gate","",""
"","0","Pro tier can send invoices by email","EP-10 Email Delivery & Tier Enforcement","2026-09-28","passed","2026-09-28","","tier gates: send and share access","",""
"","3","sums a single line item","EP-12 Business Logic & Financial Math","2026-09-28","passed","2026-09-28","","calcSubtotal: line item sum","",""
"","994","SEO page loads: /how-to-invoice-clients.html","EP-13 Miscellaneous","2026-09-28","passed","2026-09-28","","seo-pages.spec.js","",""
"","2941","sidebar shows invoices nav link","EP-13 Miscellaneous","2026-09-28","passed","2026-09-28","","dashboard.spec.js","",""
"","3410","all buttons have an accessible name","EP-13 Miscellaneous","2026-09-28","passed","2026-09-28","","accessibility.spec.js","",""
"","0","does NOT send client-suppliable content field: billing_period","EP-13 Miscellaneous","2026-09-28","passed","2026-09-28","","Client request shape: only non-forgeable fields are sent","",""
"","0","accepts a well-formed consent object","EP-09 Rate Limiting & Abuse Prevention","2026-09-28","passed","2026-09-28","","isValidConsent: consent validation gate","",""
"","0","accepts valid ISO 4217 code: CAD","EP-07 API Authorization & Data Ownership","2026-09-28","passed","2026-09-28","","Currency validation: ISO 4217 three-letter code enforcement","",""
"","0","rejects invalid code:","EP-07 API Authorization & Data Ownership","2026-09-28","passed","2026-09-28","","Currency validation: ISO 4217 three-letter code enforcement","",""
"","0","does NOT echo back attacker origin: https://example.com/path","EP-07 API Authorization & Data Ownership","2026-09-28","passed","2026-09-28","","CORS allowlist: rejected / attacker origins","",""
"","1","calls GET /receipts?id=X and returns parsed JSON","EP-03 Core CRUD & Data Persistence","2026-09-28","passed","2026-09-28","","fetchReceiptById","",""
"","1","required fields array itself hasn't been accidentally emptied","EP-09 Rate Limiting & Abuse Prevention","2026-09-28","passed","2026-09-28","","Consent schema: field naming and structure","",""
"","0","clears palette and writes no vars for invalid key: EARTH","EP-08 Input Validation & XSS Defense","2026-09-28","passed","2026-09-28","","applyPalette: invalid / injection inputs","",""
"","0","rejects invalid code: null","EP-07 API Authorization & Data Ownership","2026-09-28","passed","2026-09-28","","Currency validation: ISO 4217 three-letter code enforcement","",""
"","2609","invoice list loads","EP-13 Miscellaneous","2026-09-28","passed","2026-09-28","","dashboard.spec.js","",""
"","0","rejects empty string","EP-12 Business Logic & Financial Math","2026-09-28","passed","2026-09-28","","return_url (window.location.origin) safety","",""
"","0","rejects invalid code: U S","EP-07 API Authorization & Data Ownership","2026-09-28","passed","2026-09-28","","Currency validation: ISO 4217 three-letter code enforcement","",""
"","0","user_id is NOT in ALLOWED_FIELDS (ownership cannot be changed by the user)","EP-07 API Authorization & Data Ownership","2026-09-28","passed","2026-09-28","","Ownership enforcement: ALLOWED_FIELDS contract","",""
"","1","throws with server error message on 403 (wrong tier)","EP-11 AI / Voice Input Parsing","2026-09-28","passed","2026-09-28","","parseText","",""
"","9709","Forgot password link appears in login mode","EP-13 Miscellaneous","2026-09-28","passed","2026-09-28","","auth.spec.js","",""
"","0","handles fractional tax rates (e.g. 8.5%)","EP-12 Business Logic & Financial Math","2026-09-28","passed","2026-09-28","","calcTax: tax calculation","",""
"","3689","new invoice form has a line item description field","EP-13 Miscellaneous","2026-09-28","passed","2026-09-28","","invoices.spec.js","",""
"","0","allows the 2nd invoice (count 1 before insert)","EP-13 Miscellaneous","2026-09-28","passed","2026-09-28","","isOverFreeLimit: boundary is exactly 3 invoices in the current month","",""
"","1068","SEO page loads: /invoice-for-cleaners.html","EP-13 Miscellaneous","2026-09-28","passed","2026-09-28","","seo-pages.spec.js","",""
"","2","only writes vars in the MANAGED_VARS list: no extras","EP-08 Input Validation & XSS Defense","2026-09-28","passed","2026-09-28","","applyPalette: valid keys","",""
"","0","accepts valid address: user@example.com","EP-08 Input Validation & XSS Defense","2026-09-28","passed","2026-09-28","","EMAIL_RE: recipient validation","",""
"","0","handles null as empty string","EP-12 Business Logic & Financial Math","2026-09-28","passed","2026-09-28","","CSV cell escaping","",""
"","0","does not count invoices created in a previous month","EP-13 Miscellaneous","2026-09-28","passed","2026-09-28","","countThisMonth: the cap resets when the calendar month rolls over","",""
"","0","returns 0.00 when qty is empty","EP-12 Business Logic & Financial Math","2026-09-28","passed","2026-09-28","","calcRowTotal: qty × unit price","",""
"","13637","Escape closes the sign up modal","EP-13 Miscellaneous","2026-09-28","passed","2026-09-28","","accessibility.spec.js","",""
"","14192","sign up modal has no violations","EP-13 Miscellaneous","2026-09-28","passed","2026-09-28","","accessibility.spec.js","",""
"","0","fractional qty: 1.5 hours × $80 = $120.00","EP-12 Business Logic & Financial Math","2026-09-28","passed","2026-09-28","","calcRowTotal: qty × unit price","",""
"","0","clears palette and writes no vars for invalid key: __proto__","EP-08 Input Validation & XSS Defense","2026-09-28","passed","2026-09-28","","applyPalette: invalid / injection inputs","",""
"","2","escapes < (open tag vector)","EP-08 Input Validation & XSS Defense","2026-09-28","passed","2026-09-28","","escapeHtml: XSS prevention","",""
"","6938","sign in modal has no violations","EP-13 Miscellaneous","2026-09-28","passed","2026-09-28","","accessibility.spec.js","",""
"","0","handles a real-world spoken invoice description result","EP-11 AI / Voice Input Parsing","2026-09-28","passed","2026-09-28","","mapParsedToForm","",""
"","0","does NOT allow sensitive field: stripe_customer_id","EP-07 API Authorization & Data Ownership","2026-09-28","passed","2026-09-28","","ALLOWED_FIELDS: sensitive fields are excluded","",""
"","1","neutralises compound / nested injection: all special chars escaped","EP-08 Input Validation & XSS Defense","2026-09-28","passed","2026-09-28","","escapeHtml: XSS prevention","",""
"","3535","clicking new invoice opens the form","EP-13 Miscellaneous","2026-09-28","passed","2026-09-28","","dashboard.spec.js","",""
"","12491","mock invoice preview renders in hero","EP-13 Miscellaneous","2026-09-28","passed","2026-09-28","","landing.spec.js","",""
"","13667","footer has Terms link","EP-13 Miscellaneous","2026-09-28","passed","2026-09-28","","landing.spec.js","",""
"","3","throws with server error message on 401","EP-11 AI / Voice Input Parsing","2026-09-28","passed","2026-09-28","","parseText","",""
"","0","rejects a header with different casing in the scheme","EP-09 Rate Limiting & Abuse Prevention","2026-09-28","passed","2026-09-28","","isAuthorized: exact bearer-token comparison","",""
"","1","returns null (blocking signup) when terms are not agreed","EP-09 Rate Limiting & Abuse Prevention","2026-09-28","passed","2026-09-28","","Consent schema: field naming and structure","",""
"","0","buildPatchBody always includes line_items key","EP-07 API Authorization & Data Ownership","2026-09-28","passed","2026-09-28","","Edit flow: line items always sent in PATCH body","",""
"","0","SUPPORTED_CURRENCIES has no duplicates","EP-07 API Authorization & Data Ownership","2026-09-28","passed","2026-09-28","","Currency validation: ISO 4217 three-letter code enforcement","",""
"","0","does NOT send client-suppliable content field: subtotal","EP-13 Miscellaneous","2026-09-28","passed","2026-09-28","","Client request shape: only non-forgeable fields are sent","",""
"","3353","new invoice button is visible","EP-13 Miscellaneous","2026-09-28","passed","2026-09-28","","dashboard.spec.js","",""
"","0","rejects invalid / injection address: user @example.com","EP-08 Input Validation & XSS Defense","2026-09-28","passed","2026-09-28","","EMAIL_RE: recipient validation","",""
"","0","returns empty string for empty string","EP-12 Business Logic & Financial Math","2026-09-28","passed","2026-09-28","","Invoice date formatting","",""
"","11929","page title is set and non-empty","EP-13 Miscellaneous","2026-09-28","passed","2026-09-28","","accessibility.spec.js","",""
"","3","calls cancelSubscription with the profile's stripe_subscription_id","EP-13 Miscellaneous","2026-09-28","passed","2026-09-28","","runAccountDeletion: cancels an active subscription before deleting data","",""
"","0","share gate is strictly pro: no other value unlocks it","EP-10 Email Delivery & Tier Enforcement","2026-09-28","passed","2026-09-28","","tier gates: send and share access","",""
"","0","formats a date-only string","EP-12 Business Logic & Financial Math","2026-09-28","passed","2026-09-28","","Invoice date formatting","",""
"","0","currency in patch body is a valid ISO 4217 code","EP-07 API Authorization & Data Ownership","2026-09-28","passed","2026-09-28","","Edit flow: line items always sent in PATCH body","",""
"","0","falls back to safe production domain for:","EP-07 API Authorization & Data Ownership","2026-09-28","passed","2026-09-28","","CORS allowlist: rejected / attacker origins","",""
"","14082","shows Continue with Google button","EP-13 Miscellaneous","2026-09-28","passed","2026-09-28","","auth.spec.js","",""
"","3273","hero CTA button is visible","EP-13 Miscellaneous","2026-09-28","passed","2026-09-28","","landing.spec.js","",""
"","0","passes through http:// links (for local/test environments)","EP-08 Input Validation & XSS Defense","2026-09-28","passed","2026-09-28","","sanitizePaymentUrl: payment link safety","",""
"","0","returns null for a receipt that exists but belongs to someone else (IDOR attempt)","EP-13 Miscellaneous","2026-09-28","passed","2026-09-28","","findOwnedReceipt: ownership-scoped lookup (id AND user_id)","",""
"","8354","all buttons have an accessible name","EP-13 Miscellaneous","2026-09-28","passed","2026-09-28","","accessibility.spec.js","",""
"","1","maps CAD and USD pro prices to pro","EP-13 Miscellaneous","2026-09-28","passed","2026-09-28","","tierFromPriceId: price -> tier mapping","",""
"","0","returns null for a token with valid base64 but non-JSON payload","EP-12 Business Logic & Financial Math","2026-09-28","passed","2026-09-28","","JWT expiry decode: malformed token handling","",""
"","1","does NOT send client-suppliable content field: notes","EP-13 Miscellaneous","2026-09-28","passed","2026-09-28","","Client request shape: only non-forgeable fields are sent","",""
"","0","returns 0.00 when price is empty","EP-12 Business Logic & Financial Math","2026-09-28","passed","2026-09-28","","calcRowTotal: qty × unit price","",""
"","0","includes all expected HTTP methods","EP-07 API Authorization & Data Ownership","2026-09-28","passed","2026-09-28","","CORS: required security headers","",""
"","0","always includes Vary: Origin to prevent CDN cache poisoning","EP-07 API Authorization & Data Ownership","2026-09-28","passed","2026-09-28","","CORS: required security headers","",""
"","0","returns empty string for undefined","EP-12 Business Logic & Financial Math","2026-09-28","passed","2026-09-28","","Invoice date formatting","",""
"","3354","billing modal shows current plan","EP-13 Miscellaneous","2026-09-28","passed","2026-09-28","","billing.spec.js","",""
"","12024","shows email field","EP-13 Miscellaneous","2026-09-28","passed","2026-09-28","","auth.spec.js","",""
"","0","rejects invalid / injection address: user@exam ple.com","EP-08 Input Validation & XSS Defense","2026-09-28","passed","2026-09-28","","EMAIL_RE: recipient validation","",""
"","0","resets on the first of the next month","EP-12 Business Logic & Financial Math","2026-09-28","passed","2026-09-28","","Rate limit month boundary","",""
"","4","calls GET /receipts and returns parsed JSON","EP-03 Core CRUD & Data Persistence","2026-09-28","passed","2026-09-28","","fetchReceipts","",""
"","0","is parseable by Date.parse without returning NaN","EP-09 Rate Limiting & Abuse Prevention","2026-09-28","passed","2026-09-28","","terms_agreed_at: timestamp integrity","",""
"","1","only counts invoices from the current month, ignoring any created earlier in the same month before a delete","EP-13 Miscellaneous","2026-09-28","passed","2026-09-28","","countThisMonth: the cap resets when the calendar month rolls over","",""
"","14008","Sign Up tab switches to signup mode","EP-13 Miscellaneous","2026-09-28","passed","2026-09-28","","auth.spec.js","",""
"","8621","opens auth modal with Create your account heading","EP-13 Miscellaneous","2026-09-28","passed","2026-09-28","","auth.spec.js","",""
"","0","Free with business_name ignores business_name: the application only","EP-10 Email Delivery & Tier Enforcement","2026-09-28","passed","2026-09-28","","buildFromField: sender name logic","",""
"","885","SEO page loads: /invoice-for-landscapers.html","EP-13 Miscellaneous","2026-09-28","passed","2026-09-28","","seo-pages.spec.js","",""
"","0","accepts valid address: invoices@example.com","EP-08 Input Validation & XSS Defense","2026-09-28","passed","2026-09-28","","EMAIL_RE: recipient validation","",""
"","0","does NOT echo back attacker origin: https://example.com.evil.com","EP-07 API Authorization & Data Ownership","2026-09-28","passed","2026-09-28","","CORS allowlist: rejected / attacker origins","",""
"","8528","page has a navigation landmark","EP-13 Miscellaneous","2026-09-28","passed","2026-09-28","","accessibility.spec.js","",""
"","0","returns error object on 404 without throwing","EP-03 Core CRUD & Data Persistence","2026-09-28","passed","2026-09-28","","updateReceipt","",""
"","0","does not reset mid-month","EP-12 Business Logic & Financial Math","2026-09-28","passed","2026-09-28","","Rate limit month boundary","",""
"","0","does not send when email is missing","EP-09 Rate Limiting & Abuse Prevention","2026-09-28","passed","2026-09-28","","shouldSendWelcomeEmail: recipient gating before an extra Resend call","",""
"","0","resolves to voice when the subscription's price is the voice price","EP-13 Miscellaneous","2026-09-28","passed","2026-09-28","","resolveCheckoutTier: resolves the real tier when the lookup succeeds","",""
"","0","falls back to safe production domain for: null","EP-07 API Authorization & Data Ownership","2026-09-28","passed","2026-09-28","","CORS allowlist: rejected / attacker origins","",""
"","23","formats a whole number","EP-12 Business Logic & Financial Math","2026-09-28","passed","2026-09-28","","fmtMoney: currency formatting","",""
"","0","rejects invalid code: USDD","EP-07 API Authorization & Data Ownership","2026-09-28","passed","2026-09-28","","Currency validation: ISO 4217 three-letter code enforcement","",""
"","0","rejects empty string","EP-12 Business Logic & Financial Math","2026-09-28","passed","2026-09-28","","Stripe redirect URL safety","",""
"","1","uses .mp4 extension in storage path for iOS recordings","EP-11 AI / Voice Input Parsing","2026-09-28","passed","2026-09-28","","parseAudio","",""
"","0","escapes ' (attribute breakout in single-quoted attrs)","EP-08 Input Validation & XSS Defense","2026-09-28","passed","2026-09-28","","escapeHtml: XSS prevention","",""
"","0","rejects null","EP-12 Business Logic & Financial Math","2026-09-28","passed","2026-09-28","","Stripe redirect URL safety","",""
"","0","does NOT send client-suppliable content field: tax","EP-13 Miscellaneous","2026-09-28","passed","2026-09-28","","Client request shape: only non-forgeable fields are sent","",""
"","1","continues deleting all data even when cancelSubscription throws","EP-13 Miscellaneous","2026-09-28","passed","2026-09-28","","runAccountDeletion: a Stripe failure never blocks account deletion","",""
"","0","escapes "" (attribute breakout)","EP-08 Input Validation & XSS Defense","2026-09-28","passed","2026-09-28","","escapeHtml: XSS prevention","",""
"","0","has no duplicate fields","EP-13 Miscellaneous","2026-09-28","passed","2026-09-28","","Client request shape: only non-forgeable fields are sent","",""
"","0","injection attempt in currency field falls back to CAD","EP-10 Email Delivery & Tier Enforcement","2026-09-28","passed","2026-09-28","","sanitizeCurrency: CAD fallback","",""
"","1","rejects a header that only CONTAINS the secret as a substring","EP-09 Rate Limiting & Abuse Prevention","2026-09-28","passed","2026-09-28","","isAuthorized: exact bearer-token comparison","",""
"","0","accepts localhost for dev","EP-12 Business Logic & Financial Math","2026-09-28","passed","2026-09-28","","return_url (window.location.origin) safety","",""
"","0","includes safe field: logo_url","EP-07 API Authorization & Data Ownership","2026-09-28","passed","2026-09-28","","ALLOWED_FIELDS: safe fields are present","",""
"","1","does NOT allow sensitive field: id","EP-07 API Authorization & Data Ownership","2026-09-28","passed","2026-09-28","","ALLOWED_FIELDS: sensitive fields are excluded","",""
"","1","treats NaN total as 0","EP-12 Business Logic & Financial Math","2026-09-28","passed","2026-09-28","","calcSubtotal: line item sum","",""
"","0","accepts production origin","EP-12 Business Logic & Financial Math","2026-09-28","passed","2026-09-28","","return_url (window.location.origin) safety","",""
"","0","free user with no tier is blocked","EP-12 Business Logic & Financial Math","2026-09-28","passed","2026-09-28","","Text parse tier gate","",""
"","0","3 × $45.50 = $136.50","EP-12 Business Logic & Financial Math","2026-09-28","passed","2026-09-28","","calcRowTotal: qty × unit price","",""
"","3728","billing modal closes on Escape","EP-13 Miscellaneous","2026-09-28","passed","2026-09-28","","billing.spec.js","",""
"","0","formats undefined as $0.00","EP-12 Business Logic & Financial Math","2026-09-28","passed","2026-09-28","","fmtMoney: currency formatting","",""
"","3693","page title contains the application","EP-13 Miscellaneous","2026-09-28","passed","2026-09-28","","landing.spec.js","",""
"","1","cancellation happens strictly before receipts, profile, and auth user deletion","EP-13 Miscellaneous","2026-09-28","passed","2026-09-28","","runAccountDeletion: cancels an active subscription before deleting data","",""
"","0","From field always contains example.com domain","EP-10 Email Delivery & Tier Enforcement","2026-09-28","passed","2026-09-28","","buildFromField: sender name logic","",""
"","0","never returns ""*"" for any origin input: null","EP-07 API Authorization & Data Ownership","2026-09-28","passed","2026-09-28","","CORS: wildcard must never appear","",""
"","0","never returns ""*"" for any origin input: https://example.com","EP-07 API Authorization & Data Ownership","2026-09-28","passed","2026-09-28","","CORS: wildcard must never appear","",""
"","0","returns empty string for null","EP-12 Business Logic & Financial Math","2026-09-28","passed","2026-09-28","","Invoice date formatting","",""
"","0","returns '0' when subtotal is 0: no division by zero","EP-12 Business Logic & Financial Math","2026-09-28","passed","2026-09-28","","inferTaxRate: back-calculate rate on edit","",""
"","1","every key in PALETTE_KEYS has a PALETTE_META entry","EP-08 Input Validation & XSS Defense","2026-09-28","passed","2026-09-28","","PALETTE_META completeness","",""
"","0","neutralises img onerror XSS vector: tag becomes inert text","EP-08 Input Validation & XSS Defense","2026-09-28","passed","2026-09-28","","escapeHtml: XSS prevention","",""
"","3943","can open new invoice form","EP-13 Miscellaneous","2026-09-28","passed","2026-09-28","","invoices.spec.js","",""
"","0","null currency falls back to CAD","EP-10 Email Delivery & Tier Enforcement","2026-09-28","passed","2026-09-28","","sanitizeCurrency: CAD fallback","",""
"","0","rejects an object where terms_agreed_at is an unparseable string","EP-09 Rate Limiting & Abuse Prevention","2026-09-28","passed","2026-09-28","","isValidConsent: consent validation gate","",""
"","0","disclosure contains required element: 'cancellation'","EP-09 Rate Limiting & Abuse Prevention","2026-09-28","passed","2026-09-28","","Recurring billing disclosure: pre-checkout contract","",""
"","0","formats a string number","EP-12 Business Logic & Financial Math","2026-09-28","passed","2026-09-28","","CSV num formatting","",""
"","1","rejects an object where email_marketing_ok is a number","EP-09 Rate Limiting & Abuse Prevention","2026-09-28","passed","2026-09-28","","isValidConsent: consent validation gate","",""
"","0","does NOT send client-suppliable content field: total","EP-13 Miscellaneous","2026-09-28","passed","2026-09-28","","Client request shape: only non-forgeable fields are sent","",""
"","0","returns empty string for unparseable input","EP-12 Business Logic & Financial Math","2026-09-28","passed","2026-09-28","","fmtDate: invoice card / row date column","",""
"","0","rejects an object where email_marketing_ok is a string instead of boolean","EP-09 Rate Limiting & Abuse Prevention","2026-09-28","passed","2026-09-28","","isValidConsent: consent validation gate","",""
"","1","uses getSession token when session is valid (no refresh needed)","EP-11 AI / Voice Input Parsing","2026-09-28","passed","2026-09-28","","authHeaders: mobile session edge cases","",""
"","0","preserves null values for optional fields (intentional clear)","EP-07 API Authorization & Data Ownership","2026-09-28","passed","2026-09-28","","filterAllowedFields: request body sanitisation","",""
"","1","falls back to safe production domain for: https://www2.example.com","EP-07 API Authorization & Data Ownership","2026-09-28","passed","2026-09-28","","CORS allowlist: rejected / attacker origins","",""
"","3","receipt_number is NOT in ALLOWED_FIELDS (immutable after creation)","EP-07 API Authorization & Data Ownership","2026-09-28","passed","2026-09-28","","Ownership enforcement: ALLOWED_FIELDS contract","",""
"","0","rejects the secret with no 'Bearer ' prefix","EP-09 Rate Limiting & Abuse Prevention","2026-09-28","passed","2026-09-28","","isAuthorized: exact bearer-token comparison","",""
"","8150","How it works section is present","EP-13 Miscellaneous","2026-09-28","passed","2026-09-28","","landing.spec.js","",""
"","1","handles very large invoice amounts","EP-12 Business Logic & Financial Math","2026-09-28","passed","2026-09-28","","fmtMoney: currency formatting","",""
"","0","disclosure text is not empty","EP-09 Rate Limiting & Abuse Prevention","2026-09-28","passed","2026-09-28","","Recurring billing disclosure: pre-checkout contract","",""
"","7088","page title contains the application","EP-13 Miscellaneous","2026-09-28","passed","2026-09-28","","landing.spec.js","",""
"","0","accepts a valid Stripe billing portal URL","EP-12 Business Logic & Financial Math","2026-09-28","passed","2026-09-28","","Stripe redirect URL safety","",""
"","0","blocks a free-tier user with no grant at all (proGrantUntil null)","EP-13 Miscellaneous","2026-09-28","passed","2026-09-28","","isOverFreeLimit: an active referral Pro grant exempts the user too","",""
"","996","SEO page loads: /invoice-for-personal-trainers.html","EP-13 Miscellaneous","2026-09-28","passed","2026-09-28","","seo-pages.spec.js","",""
"","2","blocks a Pro user with an active subscription id","EP-13 Miscellaneous","2026-09-28","passed","2026-09-28","","blocksNewCheckout: already-subscribed users are blocked","",""
"","3236","clicking profile button opens modal","EP-13 Miscellaneous","2026-09-28","passed","2026-09-28","","profile.spec.js","",""
"","1","returns transcript and parsed on success","EP-11 AI / Voice Input Parsing","2026-09-28","passed","2026-09-28","","parseAudio","",""
"","0","includes safe field: total","EP-07 API Authorization & Data Ownership","2026-09-28","passed","2026-09-28","","ALLOWED_FIELDS: safe fields are present","",""
"","0","handles fractional quantities (1.5 hours at 100)","EP-11 AI / Voice Input Parsing","2026-09-28","passed","2026-09-28","","mapParsedToForm","",""
"","1","throws 'Audio upload failed' when storage upload errors","EP-11 AI / Voice Input Parsing","2026-09-28","passed","2026-09-28","","parseAudio","",""
"","8637","Sign In tab switches back to login mode","EP-13 Miscellaneous","2026-09-28","passed","2026-09-28","","auth.spec.js","",""
"","0","never returns ""*"" for any origin input: *","EP-07 API Authorization & Data Ownership","2026-09-28","passed","2026-09-28","","CORS: wildcard must never appear","",""
"","0","does NOT send client-suppliable content field: currency","EP-13 Miscellaneous","2026-09-28","passed","2026-09-28","","Client request shape: only non-forgeable fields are sent","",""
"","0","formats values below $10,000 with two decimal places (full precision)","EP-07 API Authorization & Data Ownership","2026-09-28","passed","2026-09-28","","fmtStat: sidebar overflow prevention","",""
"","3173","hero headline is visible","EP-13 Miscellaneous","2026-09-28","passed","2026-09-28","","landing.spec.js","",""
"","0","formats null as empty string","EP-12 Business Logic & Financial Math","2026-09-28","passed","2026-09-28","","CSV num formatting","",""
"","0","a free user maxed out in May can create invoices again in June","EP-13 Miscellaneous","2026-09-28","passed","2026-09-28","","countThisMonth: the cap resets when the calendar month rolls over","",""
"","1122","SEO page loads: /invoice-for-handymen.html","EP-13 Miscellaneous","2026-09-28","passed","2026-09-28","","seo-pages.spec.js","",""
"","0","resets mid-next-month if counter was never reset","EP-12 Business Logic & Financial Math","2026-09-28","passed","2026-09-28","","Rate limit month boundary","",""
"","0","returns null for a receipt_id that does not exist at all","EP-13 Miscellaneous","2026-09-28","passed","2026-09-28","","findOwnedReceipt: ownership-scoped lookup (id AND user_id)","",""
"","0","undefined currency falls back to CAD","EP-10 Email Delivery & Tier Enforcement","2026-09-28","passed","2026-09-28","","sanitizeCurrency: CAD fallback","",""
"","0","handles whitespace and empty segments in ADMIN_USER_IDS","EP-09 Rate Limiting & Abuse Prevention","2026-09-28","passed","2026-09-28","","send-invoice daily rate limit","",""
"","0","rejects invalid code: US","EP-07 API Authorization & Data Ownership","2026-09-28","passed","2026-09-28","","Currency validation: ISO 4217 three-letter code enforcement","",""
"","0","returns null for empty string","EP-12 Business Logic & Financial Math","2026-09-28","passed","2026-09-28","","JWT expiry decode: malformed token handling","",""
"","1","allows the 3rd invoice (count 2 before insert)","EP-13 Miscellaneous","2026-09-28","passed","2026-09-28","","isOverFreeLimit: boundary is exactly 3 invoices in the current month","",""
"","0","is stored as a boolean true when user opts in","EP-09 Rate Limiting & Abuse Prevention","2026-09-28","passed","2026-09-28","","email_marketing_ok: opt-in/opt-out correctness","",""
"","8674","opens auth modal with Welcome back heading","EP-13 Miscellaneous","2026-09-28","passed","2026-09-28","","auth.spec.js","",""
"","3809","profile modal has business name field","EP-13 Miscellaneous","2026-09-28","passed","2026-09-28","","profile.spec.js","",""
"","0","clears palette and writes no vars for invalid key: true","EP-08 Input Validation & XSS Defense","2026-09-28","passed","2026-09-28","","applyPalette: invalid / injection inputs","",""
"","1","passes through https:// links unchanged","EP-08 Input Validation & XSS Defense","2026-09-28","passed","2026-09-28","","sanitizePaymentUrl: payment link safety","",""
"","4074","new invoice form has client name field","EP-13 Miscellaneous","2026-09-28","passed","2026-09-28","","invoices.spec.js","",""
"","0","rejects stringified null","EP-12 Business Logic & Financial Math","2026-09-28","passed","2026-09-28","","return_url (window.location.origin) safety","",""
"","0","blocks a user who deleted invoices back down to 0 active but created 3+ this month","EP-13 Miscellaneous","2026-09-28","passed","2026-09-28","","isOverFreeLimit: monthly cap, not an active-invoice cap","",""
"","0","rounds to exactly 2 decimal places","EP-12 Business Logic & Financial Math","2026-09-28","passed","2026-09-28","","calcRowTotal: qty × unit price","",""
"","0","rejects http (not https)","EP-12 Business Logic & Financial Math","2026-09-28","passed","2026-09-28","","Stripe redirect URL safety","",""
"","0","is a valid ISO 8601 UTC string","EP-09 Rate Limiting & Abuse Prevention","2026-09-28","passed","2026-09-28","","terms_agreed_at: timestamp integrity","",""
"","0","clears palette and writes no vars for invalid key: ../../etc/passwd","EP-08 Input Validation & XSS Defense","2026-09-28","passed","2026-09-28","","applyPalette: invalid / injection inputs","",""
"","3307","page has a main landmark","EP-13 Miscellaneous","2026-09-28","passed","2026-09-28","","accessibility.spec.js","",""
"","1","returns 0.00 when qty is NaN string","EP-12 Business Logic & Financial Math","2026-09-28","passed","2026-09-28","","calcRowTotal: qty × unit price","",""
"","0","falls back to refreshSession when getSession returns null (mobile expired)","EP-11 AI / Voice Input Parsing","2026-09-28","passed","2026-09-28","","authHeaders: mobile session edge cases","",""
"","3","contains exactly the 6 intended palette names","EP-08 Input Validation & XSS Defense","2026-09-28","passed","2026-09-28","","PALETTE_KEYS allowlist","",""
"","0","formats exactly 6 digits without padding","EP-12 Business Logic & Financial Math","2026-09-28","passed","2026-09-28","","Invoice number padding","",""
"","0","legacy exemption applies even if tier somehow reads as free","EP-13 Miscellaneous","2026-09-28","passed","2026-09-28","","isOverFreeLimit: grandfathered users are exempt regardless of count","",""
"","0","Pro with empty string business_name falls back to the application","EP-10 Email Delivery & Tier Enforcement","2026-09-28","passed","2026-09-28","","buildFromField: sender name logic","",""
"","0","voice user is always allowed regardless of count","EP-12 Business Logic & Financial Math","2026-09-28","passed","2026-09-28","","Text parse tier gate","",""
"","1","rejects invalid / injection address: user
@example.com","EP-08 Input Validation & XSS Defense","2026-09-28","passed","2026-09-28","","EMAIL_RE: recipient validation","",""
"","3","accepts the exact expected header","EP-09 Rate Limiting & Abuse Prevention","2026-09-28","passed","2026-09-28","","isAuthorized: exact bearer-token comparison","",""
"","0","sends Authorization header with Bearer token","EP-03 Core CRUD & Data Persistence","2026-09-28","passed","2026-09-28","","updateReceipt","",""
"","1","echoes back localhost:5173 (Vite dev server)","EP-07 API Authorization & Data Ownership","2026-09-28","passed","2026-09-28","","CORS allowlist: local dev origins","",""
"","1","valid 3-letter code passes through unchanged","EP-10 Email Delivery & Tier Enforcement","2026-09-28","passed","2026-09-28","","sanitizeCurrency: CAD fallback","",""
"","1","does not call cancelSubscription when there is no subscription id","EP-13 Miscellaneous","2026-09-28","passed","2026-09-28","","runAccountDeletion: users with no subscription skip the Stripe call","",""
"","0","disclosure contains required element: 'auto-renewal'","EP-09 Rate Limiting & Abuse Prevention","2026-09-28","passed","2026-09-28","","Recurring billing disclosure: pre-checkout contract","",""
"","4","writes all managed vars for a valid light palette","EP-08 Input Validation & XSS Defense","2026-09-28","passed","2026-09-28","","applyPalette: valid keys","",""
"","0","includes Authorization in allowed headers (JWT required)","EP-07 API Authorization & Data Ownership","2026-09-28","passed","2026-09-28","","CORS: required security headers","",""
"","1","echoes back www.example.com","EP-07 API Authorization & Data Ownership","2026-09-28","passed","2026-09-28","","CORS allowlist: production origins","",""
"","0","created_at is NOT in ALLOWED_FIELDS (timestamps are DB-controlled)","EP-07 API Authorization & Data Ownership","2026-09-28","passed","2026-09-28","","Ownership enforcement: ALLOWED_FIELDS contract","",""
"","0","defaults quantity to 1 when AI omits it","EP-11 AI / Voice Input Parsing","2026-09-28","passed","2026-09-28","","mapParsedToForm","",""
"","0","all limits are less than 10 MB (DoS protection threshold)","EP-07 API Authorization & Data Ownership","2026-09-28","passed","2026-09-28","","Body size limits: constants are defined and reasonable","",""
"","0","defaults to pro when voice pricing isn't configured in this environment","EP-13 Miscellaneous","2026-09-28","passed","2026-09-28","","resolveCheckoutTier: defaults to pro only when there's nothing to check","",""
"","1","this is the exact regression the fix closes: a Voice buyer must never silently become Pro on error","EP-13 Miscellaneous","2026-09-28","passed","2026-09-28","","resolveCheckoutTier: fails closed (RETRY) instead of silently defaulting to pro","",""
"","3367","page has a navigation landmark","EP-13 Miscellaneous","2026-09-28","passed","2026-09-28","","accessibility.spec.js","",""
"","0","a signup with email_marketing_ok = false is still a valid, completed signup","EP-09 Rate Limiting & Abuse Prevention","2026-09-28","passed","2026-09-28","","email_marketing_ok: opt-in/opt-out correctness","",""
"","7953","hero headline is visible","EP-13 Miscellaneous","2026-09-28","passed","2026-09-28","","landing.spec.js","",""
"","0","infers 5% from $10 tax on $200 subtotal","EP-12 Business Logic & Financial Math","2026-09-28","passed","2026-09-28","","inferTaxRate: back-calculate rate on edit","",""
"","0","handles empty body without throwing","EP-07 API Authorization & Data Ownership","2026-09-28","passed","2026-09-28","","filterAllowedFields: request body sanitisation","",""
"","0","falls back to safe production domain for: https://example.com.evil.com","EP-07 API Authorization & Data Ownership","2026-09-28","passed","2026-09-28","","CORS allowlist: rejected / attacker origins","",""
"","2320","page title is set","EP-13 Miscellaneous","2026-09-28","passed","2026-09-28","","dashboard.spec.js","",""
"","1","formats a YYYY-MM-DD string in en-US short form","EP-12 Business Logic & Financial Math","2026-09-28","passed","2026-09-28","","fmtDate: invoice card / row date column","",""
"","1","same fallback applies to parseAudio on mobile","EP-11 AI / Voice Input Parsing","2026-09-28","passed","2026-09-28","","authHeaders: mobile session edge cases","",""
"","0","rejects invalid code: 123","EP-07 API Authorization & Data Ownership","2026-09-28","passed","2026-09-28","","Currency validation: ISO 4217 three-letter code enforcement","",""
"","0","finds a receipt the caller owns","EP-13 Miscellaneous","2026-09-28","passed","2026-09-28","","findOwnedReceipt: ownership-scoped lookup (id AND user_id)","",""
"","0","tax exempt invoice: tax is always 0 regardless of rate","EP-12 Business Logic & Financial Math","2026-09-28","passed","2026-09-28","","full invoice calculation: end to end","",""
"","3267","Sign In nav button is visible","EP-13 Miscellaneous","2026-09-28","passed","2026-09-28","","landing.spec.js","",""
"","0","rejects a body with no recipient","EP-13 Miscellaneous","2026-09-28","passed","2026-09-28","","validateSendInvoiceBody: receipt_id is a required field","",""
"","1","escapes > (close tag vector)","EP-08 Input Validation & XSS Defense","2026-09-28","passed","2026-09-28","","escapeHtml: XSS prevention","",""
"","897","SEO page loads: /invoice-for-designers.html","EP-13 Miscellaneous","2026-09-28","passed","2026-09-28","","seo-pages.spec.js","",""
"","1","includes safe field: customer_name","EP-07 API Authorization & Data Ownership","2026-09-28","passed","2026-09-28","","ALLOWED_FIELDS: safe fields are present","",""
"","13770","shows reset form with Send Reset Link button","EP-13 Miscellaneous","2026-09-28","passed","2026-09-28","","auth.spec.js","",""
"","1","clears palette and writes no vars for invalid key: null","EP-08 Input Validation & XSS Defense","2026-09-28","passed","2026-09-28","","applyPalette: invalid / injection inputs","",""
"","3642","heading hierarchy has no skipped levels","EP-13 Miscellaneous","2026-09-28","passed","2026-09-28","","accessibility.spec.js","",""
"","0","DAILY_EMAIL_LIMIT is above typical daily legitimate volume","EP-09 Rate Limiting & Abuse Prevention","2026-09-28","passed","2026-09-28","","send-invoice daily rate limit","",""
"","0","record takes priority over user when both are somehow present","EP-09 Rate Limiting & Abuse Prevention","2026-09-28","passed","2026-09-28","","extractRecord: Database Webhook payload shape","",""
"","1","sums multiple line items","EP-12 Business Logic & Financial Math","2026-09-28","passed","2026-09-28","","calcSubtotal: line item sum","",""
"","0","formats a number to 2dp","EP-12 Business Logic & Financial Math","2026-09-28","passed","2026-09-28","","CSV num formatting","",""
"","8133","hero CTA button is visible","EP-13 Miscellaneous","2026-09-28","passed","2026-09-28","","landing.spec.js","",""
"","1","every entry in SUPPORTED_CURRENCIES passes the ISO 4217 regex","EP-07 API Authorization & Data Ownership","2026-09-28","passed","2026-09-28","","Currency validation: ISO 4217 three-letter code enforcement","",""
"","0","does NOT send client-suppliable content field: date","EP-13 Miscellaneous","2026-09-28","passed","2026-09-28","","Client request shape: only non-forgeable fields are sent","",""
"","0","blocks relative paths","EP-08 Input Validation & XSS Defense","2026-09-28","passed","2026-09-28","","sanitizePaymentUrl: payment link safety","",""
"","1","does not touch non-managed vars (e.g. --paid, --sent)","EP-08 Input Validation & XSS Defense","2026-09-28","passed","2026-09-28","","clearPalette","",""
"","0","missing tier cannot use the share sheet","EP-10 Email Delivery & Tier Enforcement","2026-09-28","passed","2026-09-28","","tier gates: send and share access","",""
"","0","total = subtotal when tax is 0","EP-12 Business Logic & Financial Math","2026-09-28","passed","2026-09-28","","calcTotal: grand total","",""
"","0","never returns ""*"" for any origin input:","EP-07 API Authorization & Data Ownership","2026-09-28","passed","2026-09-28","","CORS: wildcard must never appear","",""
"","0","maps multiple line items","EP-11 AI / Voice Input Parsing","2026-09-28","passed","2026-09-28","","mapParsedToForm","",""
"","0","handles prototype pollution attempt in body keys","EP-07 API Authorization & Data Ownership","2026-09-28","passed","2026-09-28","","filterAllowedFields: request body sanitisation","",""
"","0","clears palette and writes no vars for invalid key: undefined","EP-08 Input Validation & XSS Defense","2026-09-28","passed","2026-09-28","","applyPalette: invalid / injection inputs","",""
"","0","sends when a real-looking email is present","EP-09 Rate Limiting & Abuse Prevention","2026-09-28","passed","2026-09-28","","shouldSendWelcomeEmail: recipient gating before an extra Resend call","",""
"","6","uploads blob to storage then sends JSON storage_path to voice-parse","EP-11 AI / Voice Input Parsing","2026-09-28","passed","2026-09-28","","parseAudio","",""
"","0","currency IS in ALLOWED_FIELDS (user must be able to set per-invoice currency)","EP-07 API Authorization & Data Ownership","2026-09-28","passed","2026-09-28","","Ownership enforcement: ALLOWED_FIELDS contract","",""
"","0","does NOT echo back attacker origin:","EP-07 API Authorization & Data Ownership","2026-09-28","passed","2026-09-28","","CORS allowlist: rejected / attacker origins","",""
"","1","rejects invalid code: C$","EP-07 API Authorization & Data Ownership","2026-09-28","passed","2026-09-28","","Currency validation: ISO 4217 three-letter code enforcement","",""
"","7874","Sign In nav button is visible","EP-13 Miscellaneous","2026-09-28","passed","2026-09-28","","landing.spec.js","",""
"","0","formats a string number correctly","EP-12 Business Logic & Financial Math","2026-09-28","passed","2026-09-28","","fmtMoney: currency formatting","",""
"","0","escapes & (entity injection / double-encoding vector)","EP-08 Input Validation & XSS Defense","2026-09-28","passed","2026-09-28","","escapeHtml: XSS prevention","",""
"","3","maps CAD and USD voice prices to voice","EP-13 Miscellaneous","2026-09-28","passed","2026-09-28","","tierFromPriceId: price -> tier mapping","",""
"","0","Pro with no business_name falls back to the application","EP-10 Email Delivery & Tier Enforcement","2026-09-28","passed","2026-09-28","","buildFromField: sender name logic","",""
"","3895","clicking new invoice opens the form","EP-13 Miscellaneous","2026-09-28","passed","2026-09-28","","dashboard.spec.js","",""
"","0","clears palette and writes no vars for invalid key: <script>alert(1)</script>","EP-08 Input Validation & XSS Defense","2026-09-28","passed","2026-09-28","","applyPalette: invalid / injection inputs","",""
"","0","returns 0 when tax rate is empty string","EP-12 Business Logic & Financial Math","2026-09-28","passed","2026-09-28","","calcTax: tax calculation","",""
"","0","does NOT send client-suppliable content field: vendor_address","EP-13 Miscellaneous","2026-09-28","passed","2026-09-28","","Client request shape: only non-forgeable fields are sent","",""
"","0","returns null for a token with no dots","EP-12 Business Logic & Financial Math","2026-09-28","passed","2026-09-28","","JWT expiry decode: malformed token handling","",""
"","0","allows a user with pro/voice tier but no subscription id on file (inconsistent state)","EP-13 Miscellaneous","2026-09-28","passed","2026-09-28","","blocksNewCheckout: users who should be allowed to check out","",""
"","0","rejects an empty header","EP-09 Rate Limiting & Abuse Prevention","2026-09-28","passed","2026-09-28","","isAuthorized: exact bearer-token comparison","",""
"","0","returns 0 for empty items array","EP-12 Business Logic & Financial Math","2026-09-28","passed","2026-09-28","","calcSubtotal: line item sum","",""
"","0","rejects undefined","EP-12 Business Logic & Financial Math","2026-09-28","passed","2026-09-28","","return_url (window.location.origin) safety","",""
"","0","stays blocked well beyond the limit within the same month","EP-13 Miscellaneous","2026-09-28","passed","2026-09-28","","isOverFreeLimit: boundary is exactly 3 invoices in the current month","",""
"","9129","sign in form inputs all have labels","EP-13 Miscellaneous","2026-09-28","passed","2026-09-28","","accessibility.spec.js","",""
"","0","formats a decimal amount","EP-12 Business Logic & Financial Math","2026-09-28","passed","2026-09-28","","fmtMoney: currency formatting","",""
"","3157","profile modal closes on Escape","EP-13 Miscellaneous","2026-09-28","passed","2026-09-28","","profile.spec.js","",""
"","0","falls back to safe production domain for: http://example.com","EP-07 API Authorization & Data Ownership","2026-09-28","passed","2026-09-28","","CORS allowlist: rejected / attacker origins","",""
"","0","non-admin IDs never bypass even when ADMIN_USER_IDS is set","EP-09 Rate Limiting & Abuse Prevention","2026-09-28","passed","2026-09-28","","send-invoice daily rate limit","",""
"","0","does NOT echo back attacker origin: null","EP-07 API Authorization & Data Ownership","2026-09-28","passed","2026-09-28","","CORS allowlist: rejected / attacker origins","",""
"","0","blocks data: scheme","EP-08 Input Validation & XSS Defense","2026-09-28","passed","2026-09-28","","sanitizePaymentUrl: payment link safety","",""
"","722","SEO page loads: /invoice-for-electricians.html","EP-13 Miscellaneous","2026-09-28","passed","2026-09-28","","seo-pages.spec.js","",""
"","3612","all images have non-empty alt text","EP-13 Miscellaneous","2026-09-28","passed","2026-09-28","","accessibility.spec.js","",""
"","3663","clicking billing opens modal","EP-13 Miscellaneous","2026-09-28","passed","2026-09-28","","billing.spec.js","",""
"","0","invalid code falls back to CAD not USD","EP-10 Email Delivery & Tier Enforcement","2026-09-28","passed","2026-09-28","","sanitizeCurrency: CAD fallback","",""
"","0","falls back to safe production domain for: https://example.com:8080","EP-07 API Authorization & Data Ownership","2026-09-28","passed","2026-09-28","","CORS allowlist: rejected / attacker origins","",""
"","9017","page has exactly one h1","EP-13 Miscellaneous","2026-09-28","passed","2026-09-28","","accessibility.spec.js","",""
"","0","rejects invalid / injection address: user@example.com","EP-08 Input Validation & XSS Defense","2026-09-28","passed","2026-09-28","","EMAIL_RE: recipient validation","",""
"","0","does NOT send client-suppliable content field: unit_label","EP-13 Miscellaneous","2026-09-28","passed","2026-09-28","","Client request shape: only non-forgeable fields are sent","",""
"","2970","page has exactly one h1","EP-13 Miscellaneous","2026-09-28","passed","2026-09-28","","accessibility.spec.js","",""
"","6200","sign up modal has no violations","EP-13 Miscellaneous","2026-09-28","passed","2026-09-28","","accessibility.spec.js","",""
"","0","throws 'Session expired' when both getSession and refreshSession return null","EP-11 AI / Voice Input Parsing","2026-09-28","passed","2026-09-28","","authHeaders: mobile session edge cases","",""
"","0","is case-sensitive and does not treat unrelated tier strings as subscribed","EP-13 Miscellaneous","2026-09-28","passed","2026-09-28","","blocksNewCheckout: users who should be allowed to check out","",""
"","0","returns empty string for undefined","EP-08 Input Validation & XSS Defense","2026-09-28","passed","2026-09-28","","escapeHtml: XSS prevention","",""
"","0","calculates 13% HST correctly","EP-12 Business Logic & Financial Math","2026-09-28","passed","2026-09-28","","calcTax: tax calculation","",""
"","2912","page title is set","EP-13 Miscellaneous","2026-09-28","passed","2026-09-28","","dashboard.spec.js","",""
"","0","contains exactly 4 allowed origins","EP-07 API Authorization & Data Ownership","2026-09-28","passed","2026-09-28","","CORS: allowlist size (prevent silent additions)","",""
"","1","calls POST /receipts with correct body","EP-03 Core CRUD & Data Persistence","2026-09-28","passed","2026-09-28","","createReceipt","",""
"","1","SUPPORTED_CURRENCIES list contains USD (most common fallback)","EP-07 API Authorization & Data Ownership","2026-09-28","passed","2026-09-28","","Currency validation: ISO 4217 three-letter code enforcement","",""
"","1033","SEO page loads: /invoice-for-tutors.html","EP-13 Miscellaneous","2026-09-28","passed","2026-09-28","","seo-pages.spec.js","",""
"","0","stripe-checkout limit is 4 KB","EP-07 API Authorization & Data Ownership","2026-09-28","passed","2026-09-28","","Body size limits: constants are defined and reasonable","",""
"","0","handles a full script injection attempt","EP-08 Input Validation & XSS Defense","2026-09-28","passed","2026-09-28","","escapeHtml: XSS prevention","",""
"","0","does NOT allow sensitive field: stripe_subscription_id","EP-07 API Authorization & Data Ownership","2026-09-28","passed","2026-09-28","","ALLOWED_FIELDS: sensitive fields are excluded","",""
"","0","blocks a Voice user with an active subscription id","EP-13 Miscellaneous","2026-09-28","passed","2026-09-28","","blocksNewCheckout: already-subscribed users are blocked","",""
"","2543","help button opens help modal","EP-13 Miscellaneous","2026-09-28","passed","2026-09-28","","profile.spec.js","",""
"","1","writes all managed vars for a valid dark palette","EP-08 Input Validation & XSS Defense","2026-09-28","passed","2026-09-28","","applyPalette: valid keys","",""
"","0","is within 5 seconds of the time the test runs (not backdated or future-dated)","EP-09 Rate Limiting & Abuse Prevention","2026-09-28","passed","2026-09-28","","terms_agreed_at: timestamp integrity","",""
"","0","accepts valid ISO 4217 code: EUR","EP-07 API Authorization & Data Ownership","2026-09-28","passed","2026-09-28","","Currency validation: ISO 4217 three-letter code enforcement","",""
"","4627","auth modal receives focus on open","EP-13 Miscellaneous","2026-09-28","passed","2026-09-28","","accessibility.spec.js","",""
"","3","clears palette and writes no vars for invalid key: 42","EP-08 Input Validation & XSS Defense","2026-09-28","passed","2026-09-28","","applyPalette: invalid / injection inputs","",""
"","1","does NOT send client-suppliable content field: vendor_email","EP-13 Miscellaneous","2026-09-28","passed","2026-09-28","","Client request shape: only non-forgeable fields are sent","",""
"","3","accepts a valid Stripe checkout URL","EP-12 Business Logic & Financial Math","2026-09-28","passed","2026-09-28","","Stripe redirect URL safety","",""
"","911","Changelog page loads","EP-13 Miscellaneous","2026-09-28","passed","2026-09-28","","seo-pages.spec.js","",""
"","3","formats every month consistently for grid alignment","EP-12 Business Logic & Financial Math","2026-09-28","passed","2026-09-28","","fmtDate: invoice card / row date column","",""
"","0","rejects null (terms not agreed: signup blocked)","EP-09 Rate Limiting & Abuse Prevention","2026-09-28","passed","2026-09-28","","isValidConsent: consent validation gate","",""
"","0","rejects a body with no receipt_id","EP-13 Miscellaneous","2026-09-28","passed","2026-09-28","","validateSendInvoiceBody: receipt_id is a required field","",""
"","2976","footer has Terms link","EP-13 Miscellaneous","2026-09-28","passed","2026-09-28","","landing.spec.js","",""
"","3364","profile button is visible in sidebar","EP-13 Miscellaneous","2026-09-28","passed","2026-09-28","","profile.spec.js","",""
"","0","does not reset on the last day of the month","EP-12 Business Logic & Financial Math","2026-09-28","passed","2026-09-28","","Rate limit month boundary","",""
"","0","rejects undefined","EP-12 Business Logic & Financial Math","2026-09-28","passed","2026-09-28","","Stripe redirect URL safety","",""
"","0","rejects a completely wrong secret","EP-09 Rate Limiting & Abuse Prevention","2026-09-28","passed","2026-09-28","","isAuthorized: exact bearer-token comparison","",""
"","3346","trash button opens recently deleted modal","EP-13 Miscellaneous","2026-09-28","passed","2026-09-28","","billing.spec.js","",""
"","0","allows a user with a subscription id but free tier (e.g. cancelled and downgraded)","EP-13 Miscellaneous","2026-09-28","passed","2026-09-28","","blocksNewCheckout: users who should be allowed to check out","",""
"","12770","Sign Up nav button is visible","EP-13 Miscellaneous","2026-09-28","passed","2026-09-28","","landing.spec.js","",""
"","0","includes safe field: logo_corner","EP-07 API Authorization & Data Ownership","2026-09-28","passed","2026-09-28","","ALLOWED_FIELDS: safe fields are present","",""
"","4539","sign in form inputs all have labels","EP-13 Miscellaneous","2026-09-28","passed","2026-09-28","","accessibility.spec.js","",""
"","0","returns empty string for an invalid date string","EP-12 Business Logic & Financial Math","2026-09-28","passed","2026-09-28","","Invoice date formatting","",""
"","0","accepts valid ISO 4217 code: CHF","EP-07 API Authorization & Data Ownership","2026-09-28","passed","2026-09-28","","Currency validation: ISO 4217 three-letter code enforcement","",""
"","0","never returns ""*"" for any origin input: undefined","EP-07 API Authorization & Data Ownership","2026-09-28","passed","2026-09-28","","CORS: wildcard must never appear","",""
"","2981","invoice list loads","EP-13 Miscellaneous","2026-09-28","passed","2026-09-28","","dashboard.spec.js","",""
"","0","does NOT echo back attacker origin: http://example.com","EP-07 API Authorization & Data Ownership","2026-09-28","passed","2026-09-28","","CORS allowlist: rejected / attacker origins","",""
"","0","echoes back localhost:3000","EP-07 API Authorization & Data Ownership","2026-09-28","passed","2026-09-28","","CORS allowlist: local dev origins","",""
"","1","includes safe field: vendor_name","EP-07 API Authorization & Data Ownership","2026-09-28","passed","2026-09-28","","ALLOWED_FIELDS: safe fields are present","",""
"","0","is case-insensitive for the scheme check","EP-08 Input Validation & XSS Defense","2026-09-28","passed","2026-09-28","","sanitizePaymentUrl: payment link safety","",""
"","0","accepts valid ISO 4217 code: GBP","EP-07 API Authorization & Data Ownership","2026-09-28","passed","2026-09-28","","Currency validation: ISO 4217 three-letter code enforcement","",""
"","0","treats null / undefined count as zero and allows","EP-09 Rate Limiting & Abuse Prevention","2026-09-28","passed","2026-09-28","","send-invoice daily rate limit","",""
"","923","SEO page loads: /invoice-for-freelancers.html","EP-13 Miscellaneous","2026-09-28","passed","2026-09-28","","seo-pages.spec.js","",""
"","0","clears palette and writes no vars for invalid key: default","EP-08 Input Validation & XSS Defense","2026-09-28","passed","2026-09-28","","applyPalette: invalid / injection inputs","",""
"","0","returns empty string for null","EP-08 Input Validation & XSS Defense","2026-09-28","passed","2026-09-28","","escapeHtml: XSS prevention","",""
"","0","result length is 8 characters or fewer for realistic invoice totals (up to $999M)","EP-07 API Authorization & Data Ownership","2026-09-28","passed","2026-09-28","","fmtStat: sidebar overflow prevention","",""
"","0","does not double-escape already-safe strings","EP-08 Input Validation & XSS Defense","2026-09-28","passed","2026-09-28","","escapeHtml: XSS prevention","",""
"","3","buildConsentMetadata returns an object with all required fields when terms agreed","EP-09 Rate Limiting & Abuse Prevention","2026-09-28","passed","2026-09-28","","Consent schema: field naming and structure","",""
"","0","falls back to refreshSession when getSession returns no access_token","EP-11 AI / Voice Input Parsing","2026-09-28","passed","2026-09-28","","authHeaders: mobile session edge cases","",""
